--
-- PostgreSQL database dump
--

-- Dumped from database version 9.3.6
-- Dumped by pg_dump version 9.3.6
-- Started on 2015-04-19 23:41:09 EEST

SET statement_timeout = 0;
SET lock_timeout = 0;
SET client_encoding = 'UTF8';
SET standard_conforming_strings = on;
SET check_function_bodies = false;
SET client_min_messages = warning;

--
-- TOC entry 202 (class 3079 OID 11789)
-- Name: plpgsql; Type: EXTENSION; Schema: -; Owner: 
--

CREATE EXTENSION IF NOT EXISTS plpgsql WITH SCHEMA pg_catalog;


--
-- TOC entry 2155 (class 0 OID 0)
-- Dependencies: 202
-- Name: EXTENSION plpgsql; Type: COMMENT; Schema: -; Owner: 
--

COMMENT ON EXTENSION plpgsql IS 'PL/pgSQL procedural language';


SET search_path = public, pg_catalog;

SET default_tablespace = '';

SET default_with_oids = false;

--
-- TOC entry 170 (class 1259 OID 16666)
-- Name: control_work_type; Type: TABLE; Schema: public; Owner: postgres; Tablespace: 
--

CREATE TABLE control_work_type (
    id bigint NOT NULL,
    name character varying
);


ALTER TABLE public.control_work_type OWNER TO postgres;

--
-- TOC entry 171 (class 1259 OID 16672)
-- Name: id_disc; Type: SEQUENCE; Schema: public; Owner: postgres
--

CREATE SEQUENCE id_disc
    START WITH 1
    INCREMENT BY 1
    NO MINVALUE
    NO MAXVALUE
    CACHE 1;


ALTER TABLE public.id_disc OWNER TO postgres;

--
-- TOC entry 172 (class 1259 OID 16674)
-- Name: discipline; Type: TABLE; Schema: public; Owner: postgres; Tablespace: 
--

CREATE TABLE discipline (
    id integer DEFAULT nextval('id_disc'::regclass) NOT NULL,
    semester integer NOT NULL,
    title character varying,
    general_hours integer,
    lect_hours integer,
    lab_hours integer,
    pract_hours integer,
    sem_hours integer,
    self_hours integer,
    ind_hours integer,
    id_speciality character varying(4),
    id_subspeciality character varying
);


ALTER TABLE public.discipline OWNER TO postgres;

--
-- TOC entry 173 (class 1259 OID 16681)
-- Name: id_ind; Type: SEQUENCE; Schema: public; Owner: postgres
--

CREATE SEQUENCE id_ind
    START WITH 1
    INCREMENT BY 1
    NO MINVALUE
    NO MAXVALUE
    CACHE 1;


ALTER TABLE public.id_ind OWNER TO postgres;

--
-- TOC entry 174 (class 1259 OID 16683)
-- Name: id_lab; Type: SEQUENCE; Schema: public; Owner: postgres
--

CREATE SEQUENCE id_lab
    START WITH 1
    INCREMENT BY 1
    NO MINVALUE
    NO MAXVALUE
    CACHE 1;


ALTER TABLE public.id_lab OWNER TO postgres;

--
-- TOC entry 197 (class 1259 OID 16831)
-- Name: id_lab_structure; Type: SEQUENCE; Schema: public; Owner: postgres
--

CREATE SEQUENCE id_lab_structure
    START WITH 1
    INCREMENT BY 1
    NO MINVALUE
    NO MAXVALUE
    CACHE 1;


ALTER TABLE public.id_lab_structure OWNER TO postgres;

--
-- TOC entry 175 (class 1259 OID 16685)
-- Name: id_lect; Type: SEQUENCE; Schema: public; Owner: postgres
--

CREATE SEQUENCE id_lect
    START WITH 1
    INCREMENT BY 1
    NO MINVALUE
    NO MAXVALUE
    CACHE 1;


ALTER TABLE public.id_lect OWNER TO postgres;

--
-- TOC entry 176 (class 1259 OID 16687)
-- Name: id_lit; Type: SEQUENCE; Schema: public; Owner: postgres
--

CREATE SEQUENCE id_lit
    START WITH 1
    INCREMENT BY 1
    NO MINVALUE
    NO MAXVALUE
    CACHE 1;


ALTER TABLE public.id_lit OWNER TO postgres;

--
-- TOC entry 195 (class 1259 OID 16820)
-- Name: id_menu_item; Type: SEQUENCE; Schema: public; Owner: postgres
--

CREATE SEQUENCE id_menu_item
    START WITH 1
    INCREMENT BY 1
    NO MINVALUE
    NO MAXVALUE
    CACHE 1;


ALTER TABLE public.id_menu_item OWNER TO postgres;

--
-- TOC entry 194 (class 1259 OID 16809)
-- Name: id_menus; Type: SEQUENCE; Schema: public; Owner: postgres
--

CREATE SEQUENCE id_menus
    START WITH 1
    INCREMENT BY 1
    NO MINVALUE
    NO MAXVALUE
    CACHE 1;


ALTER TABLE public.id_menus OWNER TO postgres;

--
-- TOC entry 177 (class 1259 OID 16689)
-- Name: id_module; Type: SEQUENCE; Schema: public; Owner: postgres
--

CREATE SEQUENCE id_module
    START WITH 1
    INCREMENT BY 1
    NO MINVALUE
    NO MAXVALUE
    CACHE 1;


ALTER TABLE public.id_module OWNER TO postgres;

--
-- TOC entry 178 (class 1259 OID 16691)
-- Name: id_pract; Type: SEQUENCE; Schema: public; Owner: postgres
--

CREATE SEQUENCE id_pract
    START WITH 1
    INCREMENT BY 1
    NO MINVALUE
    NO MAXVALUE
    CACHE 1;


ALTER TABLE public.id_pract OWNER TO postgres;

--
-- TOC entry 179 (class 1259 OID 16693)
-- Name: id_self; Type: SEQUENCE; Schema: public; Owner: postgres
--

CREATE SEQUENCE id_self
    START WITH 1
    INCREMENT BY 1
    NO MINVALUE
    NO MAXVALUE
    CACHE 1;


ALTER TABLE public.id_self OWNER TO postgres;

--
-- TOC entry 180 (class 1259 OID 16695)
-- Name: id_sem; Type: SEQUENCE; Schema: public; Owner: postgres
--

CREATE SEQUENCE id_sem
    START WITH 1
    INCREMENT BY 1
    NO MINVALUE
    NO MAXVALUE
    CACHE 1;


ALTER TABLE public.id_sem OWNER TO postgres;

--
-- TOC entry 181 (class 1259 OID 16697)
-- Name: id_session; Type: SEQUENCE; Schema: public; Owner: postgres
--

CREATE SEQUENCE id_session
    START WITH 1
    INCREMENT BY 1
    NO MINVALUE
    NO MAXVALUE
    CACHE 1;


ALTER TABLE public.id_session OWNER TO postgres;

--
-- TOC entry 182 (class 1259 OID 16699)
-- Name: id_tq; Type: SEQUENCE; Schema: public; Owner: postgres
--

CREATE SEQUENCE id_tq
    START WITH 1
    INCREMENT BY 1
    NO MINVALUE
    NO MAXVALUE
    CACHE 1;


ALTER TABLE public.id_tq OWNER TO postgres;

--
-- TOC entry 183 (class 1259 OID 16701)
-- Name: id_type; Type: SEQUENCE; Schema: public; Owner: postgres
--

CREATE SEQUENCE id_type
    START WITH 1
    INCREMENT BY 1
    NO MINVALUE
    NO MAXVALUE
    CACHE 1;


ALTER TABLE public.id_type OWNER TO postgres;

--
-- TOC entry 184 (class 1259 OID 16703)
-- Name: individual; Type: TABLE; Schema: public; Owner: postgres; Tablespace: 
--

CREATE TABLE individual (
    id_individual integer DEFAULT nextval('id_ind'::regclass) NOT NULL,
    id_disc integer,
    semester smallint,
    theme character varying,
    questions integer[],
    hours smallint,
    literature integer[],
    id_theme integer
);


ALTER TABLE public.individual OWNER TO postgres;

--
-- TOC entry 185 (class 1259 OID 16710)
-- Name: laboratory; Type: TABLE; Schema: public; Owner: postgres; Tablespace: 
--

CREATE TABLE laboratory (
    id_laboratory integer DEFAULT nextval('id_lab'::regclass) NOT NULL,
    id_disc integer,
    semester smallint,
    theme character varying,
    questions integer[],
    hours smallint,
    literature integer[],
    id_theme integer
);


ALTER TABLE public.laboratory OWNER TO postgres;

--
-- TOC entry 196 (class 1259 OID 16823)
-- Name: laboratory_structure; Type: TABLE; Schema: public; Owner: postgres; Tablespace: 
--

CREATE TABLE laboratory_structure (
    id integer DEFAULT nextval('id_lab_structure'::regclass) NOT NULL,
    discipline_id integer,
    theme text,
    purpose text,
    theory text,
    execution_order text,
    content_structure text,
    requirements text,
    individual_variants text,
    literature text,
    type text,
    title character varying
);


ALTER TABLE public.laboratory_structure OWNER TO postgres;

--
-- TOC entry 186 (class 1259 OID 16717)
-- Name: lection; Type: TABLE; Schema: public; Owner: postgres; Tablespace: 
--

CREATE TABLE lection (
    id_lect integer DEFAULT nextval('id_lect'::regclass) NOT NULL,
    id_disc integer,
    semester integer,
    theme character varying(255),
    hours smallint,
    literature integer[],
    questions integer[],
    id_theme integer
);


ALTER TABLE public.lection OWNER TO postgres;

--
-- TOC entry 187 (class 1259 OID 16724)
-- Name: literature; Type: TABLE; Schema: public; Owner: postgres; Tablespace: 
--

CREATE TABLE literature (
    id integer DEFAULT nextval('id_lit'::regclass)
);


ALTER TABLE public.literature OWNER TO postgres;

--
-- TOC entry 198 (class 1259 OID 16876)
-- Name: pdf_config; Type: TABLE; Schema: public; Owner: postgres; Tablespace: 
--

CREATE TABLE pdf_config (
    id bigint NOT NULL,
    title character varying(20),
    page_type character varying(100),
    font_size smallint,
    font_style character varying(100),
    margin_top smallint,
    margin_bottom smallint,
    margin_left smallint,
    margin_right smallint,
    margin_header smallint,
    margin_footer smallint,
    header character varying(255),
    footer character varying(255),
    watermark_text character varying,
    watermark_opacity real,
    doc_title character varying(255),
    doc_author character varying(255),
    doc_subject character varying(255),
    doc_creator character varying(255),
    password character varying(20),
    stylesheets text,
    save_option character varying(10)
);


ALTER TABLE public.pdf_config OWNER TO postgres;

--
-- TOC entry 2156 (class 0 OID 0)
-- Dependencies: 198
-- Name: TABLE pdf_config; Type: COMMENT; Schema: public; Owner: postgres
--

COMMENT ON TABLE pdf_config IS 'Stores configurations for pdf versions of entities.';


--
-- TOC entry 199 (class 1259 OID 16879)
-- Name: pdf_config_id_seq; Type: SEQUENCE; Schema: public; Owner: postgres
--

CREATE SEQUENCE pdf_config_id_seq
    START WITH 1
    INCREMENT BY 1
    NO MINVALUE
    NO MAXVALUE
    CACHE 1;


ALTER TABLE public.pdf_config_id_seq OWNER TO postgres;

--
-- TOC entry 2157 (class 0 OID 0)
-- Dependencies: 199
-- Name: pdf_config_id_seq; Type: SEQUENCE OWNED BY; Schema: public; Owner: postgres
--

ALTER SEQUENCE pdf_config_id_seq OWNED BY pdf_config.id;


--
-- TOC entry 201 (class 1259 OID 17049)
-- Name: pdf_template; Type: TABLE; Schema: public; Owner: postgres; Tablespace: 
--

CREATE TABLE pdf_template (
    id bigint NOT NULL,
    title character varying(100),
    body text
);


ALTER TABLE public.pdf_template OWNER TO postgres;

--
-- TOC entry 200 (class 1259 OID 17047)
-- Name: pdf_template_id_seq; Type: SEQUENCE; Schema: public; Owner: postgres
--

CREATE SEQUENCE pdf_template_id_seq
    START WITH 1
    INCREMENT BY 1
    NO MINVALUE
    NO MAXVALUE
    CACHE 1;


ALTER TABLE public.pdf_template_id_seq OWNER TO postgres;

--
-- TOC entry 2158 (class 0 OID 0)
-- Dependencies: 200
-- Name: pdf_template_id_seq; Type: SEQUENCE OWNED BY; Schema: public; Owner: postgres
--

ALTER SEQUENCE pdf_template_id_seq OWNED BY pdf_template.id;


--
-- TOC entry 188 (class 1259 OID 16735)
-- Name: practical; Type: TABLE; Schema: public; Owner: postgres; Tablespace: 
--

CREATE TABLE practical (
    id_pract integer DEFAULT nextval('id_pract'::regclass) NOT NULL,
    id_disc integer,
    semester smallint,
    theme character varying,
    questions integer[],
    hours smallint,
    literature integer[],
    id_theme integer
);


ALTER TABLE public.practical OWNER TO postgres;

--
-- TOC entry 189 (class 1259 OID 16742)
-- Name: self; Type: TABLE; Schema: public; Owner: postgres; Tablespace: 
--

CREATE TABLE self (
    id_self integer DEFAULT nextval('id_self'::regclass) NOT NULL,
    id_disc integer,
    semester smallint,
    theme character varying,
    questions integer[],
    hours smallint,
    literature integer[],
    id_theme integer
);


ALTER TABLE public.self OWNER TO postgres;

--
-- TOC entry 190 (class 1259 OID 16749)
-- Name: seminary; Type: TABLE; Schema: public; Owner: postgres; Tablespace: 
--

CREATE TABLE seminary (
    id_disc integer,
    semester smallint,
    theme character varying,
    questions integer[],
    hours smallint,
    literature integer[],
    id_seminary integer DEFAULT nextval('id_sem'::regclass) NOT NULL,
    id_theme integer
);


ALTER TABLE public.seminary OWNER TO postgres;

--
-- TOC entry 191 (class 1259 OID 16756)
-- Name: sessions; Type: TABLE; Schema: public; Owner: postgres; Tablespace: 
--

CREATE TABLE sessions (
    id_disc integer NOT NULL,
    session_data text,
    id integer DEFAULT nextval('id_session'::regclass)
);


ALTER TABLE public.sessions OWNER TO postgres;

--
-- TOC entry 192 (class 1259 OID 16763)
-- Name: themes_questions; Type: TABLE; Schema: public; Owner: postgres; Tablespace: 
--

CREATE TABLE themes_questions (
    id_tq integer DEFAULT nextval('id_tq'::regclass) NOT NULL,
    name character varying(255),
    id_discipline integer,
    id_parent integer,
    types_id smallint[],
    num_tq integer
);


ALTER TABLE public.themes_questions OWNER TO postgres;

--
-- TOC entry 193 (class 1259 OID 16770)
-- Name: types; Type: TABLE; Schema: public; Owner: postgres; Tablespace: 
--

CREATE TABLE types (
    id integer DEFAULT nextval('id_type'::regclass) NOT NULL,
    title character varying(100),
    key character varying(50)
);


ALTER TABLE public.types OWNER TO postgres;

--
-- TOC entry 1974 (class 2604 OID 16895)
-- Name: id; Type: DEFAULT; Schema: public; Owner: postgres
--

ALTER TABLE ONLY pdf_config ALTER COLUMN id SET DEFAULT nextval('pdf_config_id_seq'::regclass);


--
-- TOC entry 1975 (class 2604 OID 17052)
-- Name: id; Type: DEFAULT; Schema: public; Owner: postgres
--

ALTER TABLE ONLY pdf_template ALTER COLUMN id SET DEFAULT nextval('pdf_template_id_seq'::regclass);


--
-- TOC entry 2141 (class 2613 OID 16449)
-- Name: 16449; Type: BLOB; Schema: -; Owner: postgres
--

SELECT pg_catalog.lo_create('16449');


ALTER LARGE OBJECT 16449 OWNER TO postgres;

--
-- TOC entry 2142 (class 2613 OID 16450)
-- Name: 16450; Type: BLOB; Schema: -; Owner: postgres
--

SELECT pg_catalog.lo_create('16450');


ALTER LARGE OBJECT 16450 OWNER TO postgres;

--
-- TOC entry 2143 (class 2613 OID 16451)
-- Name: 16451; Type: BLOB; Schema: -; Owner: postgres
--

SELECT pg_catalog.lo_create('16451');


ALTER LARGE OBJECT 16451 OWNER TO postgres;

--
-- TOC entry 2144 (class 2613 OID 16452)
-- Name: 16452; Type: BLOB; Schema: -; Owner: postgres
--

SELECT pg_catalog.lo_create('16452');


ALTER LARGE OBJECT 16452 OWNER TO postgres;

--
-- TOC entry 2145 (class 2613 OID 16478)
-- Name: 16478; Type: BLOB; Schema: -; Owner: postgres
--

SELECT pg_catalog.lo_create('16478');


ALTER LARGE OBJECT 16478 OWNER TO postgres;

--
-- TOC entry 2146 (class 2613 OID 16479)
-- Name: 16479; Type: BLOB; Schema: -; Owner: postgres
--

SELECT pg_catalog.lo_create('16479');


ALTER LARGE OBJECT 16479 OWNER TO postgres;

--
-- TOC entry 2109 (class 0 OID 16666)
-- Dependencies: 170
-- Data for Name: control_work_type; Type: TABLE DATA; Schema: public; Owner: postgres
--

COPY control_work_type (id, name) FROM stdin;
\.


--
-- TOC entry 2111 (class 0 OID 16674)
-- Dependencies: 172
-- Data for Name: discipline; Type: TABLE DATA; Schema: public; Owner: postgres
--

COPY discipline (id, semester, title, general_hours, lect_hours, lab_hours, pract_hours, sem_hours, self_hours, ind_hours, id_speciality, id_subspeciality) FROM stdin;
2	1	Алгоритмізація і програмування	\N	\N	\N	\N	\N	\N	\N	0502	6.050202
4	1	Ще одна дисципліна	\N	\N	\N	\N	\N	\N	\N	111	12131
5	1	Інша дисципліна	\N	\N	\N	\N	\N	\N	\N	111	323
\.


--
-- TOC entry 2159 (class 0 OID 0)
-- Dependencies: 171
-- Name: id_disc; Type: SEQUENCE SET; Schema: public; Owner: postgres
--

SELECT pg_catalog.setval('id_disc', 5, true);


--
-- TOC entry 2160 (class 0 OID 0)
-- Dependencies: 173
-- Name: id_ind; Type: SEQUENCE SET; Schema: public; Owner: postgres
--

SELECT pg_catalog.setval('id_ind', 274, true);


--
-- TOC entry 2161 (class 0 OID 0)
-- Dependencies: 174
-- Name: id_lab; Type: SEQUENCE SET; Schema: public; Owner: postgres
--

SELECT pg_catalog.setval('id_lab', 211, true);


--
-- TOC entry 2162 (class 0 OID 0)
-- Dependencies: 197
-- Name: id_lab_structure; Type: SEQUENCE SET; Schema: public; Owner: postgres
--

SELECT pg_catalog.setval('id_lab_structure', 41, true);


--
-- TOC entry 2163 (class 0 OID 0)
-- Dependencies: 175
-- Name: id_lect; Type: SEQUENCE SET; Schema: public; Owner: postgres
--

SELECT pg_catalog.setval('id_lect', 328, true);


--
-- TOC entry 2164 (class 0 OID 0)
-- Dependencies: 176
-- Name: id_lit; Type: SEQUENCE SET; Schema: public; Owner: postgres
--

SELECT pg_catalog.setval('id_lit', 1, false);


--
-- TOC entry 2165 (class 0 OID 0)
-- Dependencies: 195
-- Name: id_menu_item; Type: SEQUENCE SET; Schema: public; Owner: postgres
--

SELECT pg_catalog.setval('id_menu_item', 1, false);


--
-- TOC entry 2166 (class 0 OID 0)
-- Dependencies: 194
-- Name: id_menus; Type: SEQUENCE SET; Schema: public; Owner: postgres
--

SELECT pg_catalog.setval('id_menus', 75, true);


--
-- TOC entry 2167 (class 0 OID 0)
-- Dependencies: 177
-- Name: id_module; Type: SEQUENCE SET; Schema: public; Owner: postgres
--

SELECT pg_catalog.setval('id_module', 76, true);


--
-- TOC entry 2168 (class 0 OID 0)
-- Dependencies: 178
-- Name: id_pract; Type: SEQUENCE SET; Schema: public; Owner: postgres
--

SELECT pg_catalog.setval('id_pract', 277, true);


--
-- TOC entry 2169 (class 0 OID 0)
-- Dependencies: 179
-- Name: id_self; Type: SEQUENCE SET; Schema: public; Owner: postgres
--

SELECT pg_catalog.setval('id_self', 205, true);


--
-- TOC entry 2170 (class 0 OID 0)
-- Dependencies: 180
-- Name: id_sem; Type: SEQUENCE SET; Schema: public; Owner: postgres
--

SELECT pg_catalog.setval('id_sem', 196, true);


--
-- TOC entry 2171 (class 0 OID 0)
-- Dependencies: 181
-- Name: id_session; Type: SEQUENCE SET; Schema: public; Owner: postgres
--

SELECT pg_catalog.setval('id_session', 2, true);


--
-- TOC entry 2172 (class 0 OID 0)
-- Dependencies: 182
-- Name: id_tq; Type: SEQUENCE SET; Schema: public; Owner: postgres
--

SELECT pg_catalog.setval('id_tq', 3868, true);


--
-- TOC entry 2173 (class 0 OID 0)
-- Dependencies: 183
-- Name: id_type; Type: SEQUENCE SET; Schema: public; Owner: postgres
--

SELECT pg_catalog.setval('id_type', 8, true);


--
-- TOC entry 2123 (class 0 OID 16703)
-- Dependencies: 184
-- Data for Name: individual; Type: TABLE DATA; Schema: public; Owner: postgres
--

COPY individual (id_individual, id_disc, semester, theme, questions, hours, literature, id_theme) FROM stdin;
267	5	1	777	{3836}	\N	\N	3835
268	4	1	4545	{3839}	\N	\N	3838
274	2	1	test2	{3868}	\N	\N	3867
\.


--
-- TOC entry 2124 (class 0 OID 16710)
-- Dependencies: 185
-- Data for Name: laboratory; Type: TABLE DATA; Schema: public; Owner: postgres
--

COPY laboratory (id_laboratory, id_disc, semester, theme, questions, hours, literature, id_theme) FROM stdin;
204	5	1	777	{3836}	\N	\N	3835
205	4	1	4545	{3839}	\N	\N	3838
211	2	1	test2	{3868}	\N	\N	3867
\.


--
-- TOC entry 2135 (class 0 OID 16823)
-- Dependencies: 196
-- Data for Name: laboratory_structure; Type: TABLE DATA; Schema: public; Owner: postgres
--

COPY laboratory_structure (id, discipline_id, theme, purpose, theory, execution_order, content_structure, requirements, individual_variants, literature, type, title) FROM stdin;
15	2	gjkkjnk									тестова лабораторна
\.


--
-- TOC entry 2125 (class 0 OID 16717)
-- Dependencies: 186
-- Data for Name: lection; Type: TABLE DATA; Schema: public; Owner: postgres
--

COPY lection (id_lect, id_disc, semester, theme, hours, literature, questions, id_theme) FROM stdin;
256	1	1	theme1	\N	\N	{3200}	3199
257	1	1	theme1	\N	\N	{3212}	3211
321	5	1	777	\N	\N	{3836}	3835
322	4	1	4545	\N	\N	{3839}	3838
328	2	1	test2	\N	\N	{3868}	3867
\.


--
-- TOC entry 2126 (class 0 OID 16724)
-- Dependencies: 187
-- Data for Name: literature; Type: TABLE DATA; Schema: public; Owner: postgres
--

COPY literature (id) FROM stdin;
\.


--
-- TOC entry 2137 (class 0 OID 16876)
-- Dependencies: 198
-- Data for Name: pdf_config; Type: TABLE DATA; Schema: public; Owner: postgres
--

COPY pdf_config (id, title, page_type, font_size, font_style, margin_top, margin_bottom, margin_left, margin_right, margin_header, margin_footer, header, footer, watermark_text, watermark_opacity, doc_title, doc_author, doc_subject, doc_creator, password, stylesheets, save_option) FROM stdin;
2	тестова конфігурація	A4	12	DejaVuSerif	16	16	15	15	9	9	тотото	лололо	попопоп	0.5	залоговок	автор	тема	ЧНУ ім. Богдана Хмельницького	password		I
\.


--
-- TOC entry 2174 (class 0 OID 0)
-- Dependencies: 199
-- Name: pdf_config_id_seq; Type: SEQUENCE SET; Schema: public; Owner: postgres
--

SELECT pg_catalog.setval('pdf_config_id_seq', 2, true);


--
-- TOC entry 2140 (class 0 OID 17049)
-- Dependencies: 201
-- Data for Name: pdf_template; Type: TABLE DATA; Schema: public; Owner: postgres
--

COPY pdf_template (id, title, body) FROM stdin;
1	тестовий шаблон	<html lang="ua">\r\n<head>\r\n<meta charset="utf-8">\r\n</head>\r\n<body>\r\nПривіт {{test}}\r\n</body>\r\n</html>
\.


--
-- TOC entry 2175 (class 0 OID 0)
-- Dependencies: 200
-- Name: pdf_template_id_seq; Type: SEQUENCE SET; Schema: public; Owner: postgres
--

SELECT pg_catalog.setval('pdf_template_id_seq', 1, true);


--
-- TOC entry 2127 (class 0 OID 16735)
-- Dependencies: 188
-- Data for Name: practical; Type: TABLE DATA; Schema: public; Owner: postgres
--

COPY practical (id_pract, id_disc, semester, theme, questions, hours, literature, id_theme) FROM stdin;
270	5	1	777	{3836}	\N	\N	3835
271	4	1	4545	{3839}	\N	\N	3838
277	2	1	test2	{3868}	\N	\N	3867
\.


--
-- TOC entry 2128 (class 0 OID 16742)
-- Dependencies: 189
-- Data for Name: self; Type: TABLE DATA; Schema: public; Owner: postgres
--

COPY self (id_self, id_disc, semester, theme, questions, hours, literature, id_theme) FROM stdin;
205	2	1	test2	{3868}	\N	\N	3867
198	5	1	777	{3836}	\N	\N	3835
199	4	1	4545	{3839}	\N	\N	3838
\.


--
-- TOC entry 2129 (class 0 OID 16749)
-- Dependencies: 190
-- Data for Name: seminary; Type: TABLE DATA; Schema: public; Owner: postgres
--

COPY seminary (id_disc, semester, theme, questions, hours, literature, id_seminary, id_theme) FROM stdin;
5	1	777	{3836}	\N	\N	189	3835
4	1	4545	{3839}	\N	\N	190	3838
2	1	test2	{3868}	\N	\N	196	3867
\.


--
-- TOC entry 2130 (class 0 OID 16756)
-- Dependencies: 191
-- Data for Name: sessions; Type: TABLE DATA; Schema: public; Owner: postgres
--

COPY sessions (id_disc, session_data, id) FROM stdin;
1	a:3:{s:9:"questions";a:10:{i:0;s:6:"theme1";i:1;s:5:"q1_t1";i:2;s:5:"q2_t1";i:3;s:5:"q3_t1";i:4;s:5:"q4_t1";i:5;s:6:"theme2";i:6;s:5:"q1_t2";i:7;s:5:"q2_t2";i:8;s:5:"q3_t2";i:9;s:5:"q4_t2";}s:6:"themes";a:2:{i:0;i:0;i:1;i:5;}s:4:"step";s:9:"set-types";}	2
\.


--
-- TOC entry 2131 (class 0 OID 16763)
-- Dependencies: 192
-- Data for Name: themes_questions; Type: TABLE DATA; Schema: public; Owner: postgres
--

COPY themes_questions (id_tq, name, id_discipline, id_parent, types_id, num_tq) FROM stdin;
3866	test1	2	-1	{}	0
3867	test2	2	3866	{}	1
3868	test3	2	3867	{1,4}	2
3834	666	5	-1	{}	0
3835	777	5	3834	{}	1
3836	888	5	3835	{1,3,4,6}	2
3837	3636	4	-1	{}	0
3838	4545	4	3837	{}	1
3839	7898	4	3838	{1,3}	2
\.


--
-- TOC entry 2132 (class 0 OID 16770)
-- Dependencies: 193
-- Data for Name: types; Type: TABLE DATA; Schema: public; Owner: postgres
--

COPY types (id, title, key) FROM stdin;
1	Лекційне	lection
2	Практичне	practical
3	Семінарське	seminary
4	Лабораторне	laboratory
5	Індивідуальне	individual
6	Самостійне	self
\.


--
-- TOC entry 2147 (class 0 OID 0)
-- Data for Name: BLOBS; Type: BLOBS; Schema: -; Owner: 
--

SET search_path = pg_catalog;

BEGIN;

SELECT pg_catalog.lo_open('16449', 131072);
SELECT pg_catalog.lo_close(0);

SELECT pg_catalog.lo_open('16450', 131072);
SELECT pg_catalog.lo_close(0);

SELECT pg_catalog.lo_open('16451', 131072);
SELECT pg_catalog.lo_close(0);

SELECT pg_catalog.lo_open('16452', 131072);
SELECT pg_catalog.lo_close(0);

SELECT pg_catalog.lo_open('16478', 131072);
SELECT pg_catalog.lo_close(0);

SELECT pg_catalog.lo_open('16479', 131072);
SELECT pg_catalog.lo_close(0);

COMMIT;

SET search_path = public, pg_catalog;

--
-- TOC entry 1977 (class 2606 OID 16777)
-- Name: control_work_type_pkey; Type: CONSTRAINT; Schema: public; Owner: postgres; Tablespace: 
--

ALTER TABLE ONLY control_work_type
    ADD CONSTRAINT control_work_type_pkey PRIMARY KEY (id);


--
-- TOC entry 1979 (class 2606 OID 16779)
-- Name: discipline_pkey; Type: CONSTRAINT; Schema: public; Owner: postgres; Tablespace: 
--

ALTER TABLE ONLY discipline
    ADD CONSTRAINT discipline_pkey PRIMARY KEY (id, semester);


--
-- TOC entry 1991 (class 2606 OID 16781)
-- Name: id_seminary; Type: CONSTRAINT; Schema: public; Owner: postgres; Tablespace: 
--

ALTER TABLE ONLY seminary
    ADD CONSTRAINT id_seminary PRIMARY KEY (id_seminary);


--
-- TOC entry 1981 (class 2606 OID 16783)
-- Name: individual_pkey; Type: CONSTRAINT; Schema: public; Owner: postgres; Tablespace: 
--

ALTER TABLE ONLY individual
    ADD CONSTRAINT individual_pkey PRIMARY KEY (id_individual);


--
-- TOC entry 1983 (class 2606 OID 16785)
-- Name: laboratory_pkey; Type: CONSTRAINT; Schema: public; Owner: postgres; Tablespace: 
--

ALTER TABLE ONLY laboratory
    ADD CONSTRAINT laboratory_pkey PRIMARY KEY (id_laboratory);


--
-- TOC entry 1999 (class 2606 OID 16830)
-- Name: laboratory_structure_pkey; Type: CONSTRAINT; Schema: public; Owner: postgres; Tablespace: 
--

ALTER TABLE ONLY laboratory_structure
    ADD CONSTRAINT laboratory_structure_pkey PRIMARY KEY (id);


--
-- TOC entry 1985 (class 2606 OID 16787)
-- Name: lections_pkey; Type: CONSTRAINT; Schema: public; Owner: postgres; Tablespace: 
--

ALTER TABLE ONLY lection
    ADD CONSTRAINT lections_pkey PRIMARY KEY (id_lect);


--
-- TOC entry 2001 (class 2606 OID 16890)
-- Name: pdf_config_pkey; Type: CONSTRAINT; Schema: public; Owner: postgres; Tablespace: 
--

ALTER TABLE ONLY pdf_config
    ADD CONSTRAINT pdf_config_pkey PRIMARY KEY (id);


--
-- TOC entry 1987 (class 2606 OID 16791)
-- Name: practical_pkey; Type: CONSTRAINT; Schema: public; Owner: postgres; Tablespace: 
--

ALTER TABLE ONLY practical
    ADD CONSTRAINT practical_pkey PRIMARY KEY (id_pract);


--
-- TOC entry 1989 (class 2606 OID 16793)
-- Name: self_pkey; Type: CONSTRAINT; Schema: public; Owner: postgres; Tablespace: 
--

ALTER TABLE ONLY self
    ADD CONSTRAINT self_pkey PRIMARY KEY (id_self);


--
-- TOC entry 1993 (class 2606 OID 16795)
-- Name: sessions_pkey; Type: CONSTRAINT; Schema: public; Owner: postgres; Tablespace: 
--

ALTER TABLE ONLY sessions
    ADD CONSTRAINT sessions_pkey PRIMARY KEY (id_disc);


--
-- TOC entry 1995 (class 2606 OID 16797)
-- Name: themes_questions_pkey; Type: CONSTRAINT; Schema: public; Owner: postgres; Tablespace: 
--

ALTER TABLE ONLY themes_questions
    ADD CONSTRAINT themes_questions_pkey PRIMARY KEY (id_tq);


--
-- TOC entry 1997 (class 2606 OID 16799)
-- Name: types_pkey; Type: CONSTRAINT; Schema: public; Owner: postgres; Tablespace: 
--

ALTER TABLE ONLY types
    ADD CONSTRAINT types_pkey PRIMARY KEY (id);


--
-- TOC entry 2154 (class 0 OID 0)
-- Dependencies: 6
-- Name: public; Type: ACL; Schema: -; Owner: postgres
--

REVOKE ALL ON SCHEMA public FROM PUBLIC;
REVOKE ALL ON SCHEMA public FROM postgres;
GRANT ALL ON SCHEMA public TO postgres;
GRANT ALL ON SCHEMA public TO PUBLIC;


-- Completed on 2015-04-19 23:41:09 EEST

--
-- PostgreSQL database dump complete
--

